question|document_page_content|similarity_score
Здравствуйте. Как пройти обучающие видео по программе?|['На втором экране можно записаться на внедрение Platrum, пройти курс обучения пользованию системой.']|0.26048052
Здравствуйте. Как пройти обучающие видео по программе?|['В небольшом видео ниже описана настройка и работа инструмента:\nhttps://www.youtube.com/embed/gklTnjZLXg0\n\n### Как работает автоматический контроль знаний\nСуть данного инструмента в том, что для сотрудников, проходивших курсы академии раз в определенный период, автоматически формируется новый курс, содержащий в себе понемногу вопросов от каждого пройденного ранее.']|0.26213074
Здравствуйте. Как пройти обучающие видео по программе?|['О том как создавать вопросы и курсы вы можете подробнее узнать из\nстатьи (https://help.platrum.ru/article/23-article)\nили нашего видео:\nhttps://www.youtube.com/embed/esLVA9YBT04']|0.29799694
Здравствуйте. Как пройти обучающие видео по программе?|"['Настраиваем академию ""под себя""\n\n### Для чего вам нужна Академия\nВ небольшом видео ниже приведен пример работы инструмента и описаны основные достоинства:\nhttps://www.youtube.com/embed/4WyDAauWzMc\n\n### Кому доступна Академия\nВ академии есть несколько ролей, которые обеспечивают разный уровень доступа сотрудника к инструменту:\n- Администратор академии -\xa0сотрудник с этим уровнем доступа может создавать/редактировать/удалять курсы, назначать участников, проверять и сбрасывать прогресс, назначать тренеров.']"|0.2991506
добрый день, реально вернуть действия на 1 шаг назад? если случайно удалила статистику|['То есть он не изменяет прошлые периоды в метриках, а начинает действовать только с момента назначения.']|0.33469647
добрый день, реально вернуть действия на 1 шаг назад? если случайно удалила статистику|['То есть он не изменяет прошлые периоды в метриках, а начинает действовать только с момента назначения.']|0.33480638
добрый день, реально вернуть действия на 1 шаг назад? если случайно удалила статистику|"['|\nЕсли вы допустили ошибку, можно отменить действие, либо, наоборот, вернуть последнее отмененное, для этjго в левом верхнем углу есть соответствующие кнопки:\nhttps://s3.amazonaws.com/cdn.freshdesk.com/data/helpdesk/attachments/production/73003641248/original/MBGkK5vb0ZLRRczUEc3iOogUOW3gqCTxrA.png?1646057732\nОтменить действие можно также по команде Ctrl+Z.']"|0.33779502
добрый день, реально вернуть действия на 1 шаг назад? если случайно удалила статистику|['Усреднив значения, можно будет посмотреть на динамику показателей , сгладив пики, чтобы проверить реальный тренд.']|0.33827728
Подскажите мы запрашивали тариф для нашей организации менеджер пообещал вернуться с обратной связью|['Мы передадим запрос нашему техническому отделу.']|0.29035503
Подскажите мы запрашивали тариф для нашей организации менеджер пообещал вернуться с обратной связью|['На текущий момент вы можете обратиться в нашу поддержку, чтобы приобрести тариф, который включает в себя мессенджер.']|0.29797712
Подскажите мы запрашивали тариф для нашей организации менеджер пообещал вернуться с обратной связью|['Для таких компаний мы разработали тариф, который позволяет кастомизировать нашу систему под ваш бренд, а так же не волноваться об утере данных при утере данных - все данные будут периодически сохраняться и присылаться вам на почту, чтобы в случае случайного удаления, вы смогли их восстановить.']|0.30208036
Подскажите мы запрашивали тариф для нашей организации менеджер пообещал вернуться с обратной связью|['В нашем случае отправляет заявку сотрудник, а согласовывает ее в следующем шаге руководитель этого сотрудника.']|0.31488538
Если мне необходима консультация, чтобы понять насколько ваш сервис подходит для нашей компании, что мне необходимо сделать?)|['В данном случае необходимо связаться с соискателем, обсудить его кандидатуру на вакансию и оговорить дату собеседования.']|0.3014383
Если мне необходима консультация, чтобы понять насколько ваш сервис подходит для нашей компании, что мне необходимо сделать?)|['Затем вам нужно продумать, какие результаты выполнения шага могут быть?']|0.30178845
Если мне необходима консультация, чтобы понять насколько ваш сервис подходит для нашей компании, что мне необходимо сделать?)|['Затем вам нужно продумать, какие результаты выполнения шага могут быть?']|0.3018179
Если мне необходима консультация, чтобы понять насколько ваш сервис подходит для нашей компании, что мне необходимо сделать?)|['Это упростит вам задачу в понимании того, какие заявки расходы можно одобрить, а с чем пока стоит повременить.']|0.3055085
Здравствуйте , задачи с гугл календаря попадают только в календарь,??|['Все задачи из планов, досок и календаря собраны здесь.']|0.24234185
Здравствуйте , задачи с гугл календаря попадают только в календарь,??|['Здесь собраны все задачи в одном месте с календарем, чтобы можно было детальнее планировать рабочие дни, как свои так и подчиненных.']|0.24506687
Здравствуйте , задачи с гугл календаря попадают только в календарь,??|['Перетащив задачу в календарь, вы \xa0устанавливаете ей сроки выполнения, и наоборот - установив в задаче срок, она автоматически займет в календаре соответствующую ячейку.']|0.27167773
Здравствуйте , задачи с гугл календаря попадают только в календарь,??|"['Чтобы задача отобразилась в Platrum, нужно создать ""Мероприятие"" в Google Календаре и выбрать календарь, который вы указывали при интеграции c Google Календарем в Platrum.']"|0.2718715
Как мне изменить статус заявки из согласованной в оплаченную если вся сумма уже оплачена?|"['Чтобы перевести платеж и заявку в статус ""Оплачено"" при создании транзакции не забудьте отметить соответствующий чекбокс.']"|0.25990123
Как мне изменить статус заявки из согласованной в оплаченную если вся сумма уже оплачена?|['В таком случае вы можете вносить оплаченную сумму по частям и видеть сколько уже фактически оплачено из запрошенной суммы:\nhttps://s3.amazonaws.com/cdn.freshdesk.com/data/helpdesk/attachments/production/73003734624/original/QI1xrDs9XQOraTGI2u6DzrZpQqLDv_3p-w.png?1646157423\nРасходы по заявке будут видны и в самой заявке:\nhttps://s3.amazonaws.com/cdn.freshdesk.com/data/helpdesk/attachments/production/73003734626/original/tmuwKzf2GeBnDOSyvEgDSQ20gw2SlrQxsw.png?1646157424\nЕсли же при внесении суммы оплаты указать галочку «Перенести заявку в оплаченные», то заявка перейдет в статус “Оплачено”.']|0.26938826
Как мне изменить статус заявки из согласованной в оплаченную если вся сумма уже оплачена?|['При этом, если не выбрать галочку «Перенести заявку в оплаченные», то внесенная сумма сохранится, транзакция будет создана, но заявка все еще будет в статусе “Согласована”.']|0.27897412
Как мне изменить статус заявки из согласованной в оплаченную если вся сумма уже оплачена?|['При включении согласования платежей, у вас появится поле, где можно указать, какие сотрудники будут согласовывать платежи.']|0.29431182
Подскажите пожалуйста, где можно отключить уведомления на почту..? кто-нибудь начинает добавлять задачи у меня завал на почте|"['Для этого нужно открыть Настройки -> в концы страницы открыть Настройки уведомлений\nhttps://s3.amazonaws.com/cdn.freshdesk.com/data/helpdesk/attachments/production/73003083861/original/0E64rlsq9leF4FcZZGgzUDGobLbZ94C4pQ.png?1645106729\nВы можете отключить какой-то канал целиком (email из примера на скриншоте), либо отдельно по группам уведомлений (из примера на скриншоте - все уведомления в проекте из категории ""Пароли"").']"|0.28697085
Подскажите пожалуйста, где можно отключить уведомления на почту..? кто-нибудь начинает добавлять задачи у меня завал на почте|['Уведомления будут приходить на электронную почту, которая указана в вашем профиле.']|0.29151064
Подскажите пожалуйста, где можно отключить уведомления на почту..? кто-нибудь начинает добавлять задачи у меня завал на почте|['- Использовать свой почтовый сервер для уведомлений.']|0.29275468
Подскажите пожалуйста, где можно отключить уведомления на почту..? кто-нибудь начинает добавлять задачи у меня завал на почте|"['Настройки уведомлений для канала\nДля управления настройками уведомлений канала, нажмите на название канала сверху и выберите ""Настройки уведомлений"":\nhttps://s3.amazonaws.com/cdn.freshdesk.com/data/helpdesk/attachments/production/73033022196/original/KoUsVkEQ2DBOoV4CQOidx_Cd7uclotKsNQ.png?1669363121\n- Отключить уведомления\nОтключение уведомлений на рабочем столе, по электронной почте и через push-уведомления для этого канала.']"|0.31990337
Просьба подсказать, как можно поменять почту у действующего сотрудника в Платрум, чтобы ему повторно не проходить курсы.|['На втором экране можно записаться на внедрение Platrum, пройти курс обучения пользованию системой.']|0.29253292
Просьба подсказать, как можно поменять почту у действующего сотрудника в Платрум, чтобы ему повторно не проходить курсы.|['https://s3.amazonaws.com/cdn.freshdesk.com/data/helpdesk/attachments/production/73023387999/original/y8ObPTEilN5DdAgXarLOiCKM_pwROo899A.png?1662561281\nНапример, вам необходимо, чтобы сотрудники проходили курсы в четкой последовательности - вы сможете настроить прохождение программы таким образом, чтобы сотрудники не смог приступить к следующему курсу, пока не будет пройден предыдущий.']|0.29419965
Просьба подсказать, как можно поменять почту у действующего сотрудника в Платрум, чтобы ему повторно не проходить курсы.|"['В поле ""Email пользователя"" введите почтовый адрес будущего владельца и подтвердите передачу проекта галочкой.']"|0.29766577
Просьба подсказать, как можно поменять почту у действующего сотрудника в Платрум, чтобы ему повторно не проходить курсы.|['Там автоматически указывается почта, с которой вы добавлены в проект в Platrum.']|0.2990743
Здравствуйте, как можно добавить видео с хостинга Vimeo в обучение?|['Нагляднее вы можете узнать это из первой части нашего видео:\nhttps://www.youtube.com/embed/I3X_mBPn_Fk\nСОДЕРЖАНИЕ\n- Редактор текста\n--- Блоки\n--- Ссылки\n--- Типы контента\n- Сохранение\n--- Сохранить как черновик\n--- Сохранить\n- Дополнительные действия\n--- Человекочитаемый URL\n--- История версий\n--- Добавить в избранное\n--- FAQЕсть ли ограничение по количеству символов в статье?']|0.29361433
Здравствуйте, как можно добавить видео с хостинга Vimeo в обучение?|['В небольшом видео ниже описана настройка и работа инструмента:\nhttps://www.youtube.com/embed/gklTnjZLXg0\n\n### Как работает автоматический контроль знаний\nСуть данного инструмента в том, что для сотрудников, проходивших курсы академии раз в определенный период, автоматически формируется новый курс, содержащий в себе понемногу вопросов от каждого пройденного ранее.']|0.2938462
Здравствуйте, как можно добавить видео с хостинга Vimeo в обучение?|"['О том, как добавлять вопросы и создавать тесты вы можете узнать из нашего видео:\nhttps://www.youtube.com/embed/esLVA9YBT04\nДля добавления вопроса нужно нажать на кнопку ""Добавить вопрос"".']"|0.2940389
Здравствуйте, как можно добавить видео с хостинга Vimeo в обучение?|"['# Добавление участников и тренеров\n\n\nНаглядно и просто мы описываем весь процесс запуска обучения в коротком видео:\nhttps://www.youtube.com/embed/esLVA9YBT04\n\n### Добавление участников и тренеров курса\nЧтобы добавить участника можно в Управлении курсами у нужного курса выбрать пункт «Участники»\nhttps://s3.amazonaws.com/cdn.freshdesk.com/data/helpdesk/attachments/production/73003642053/original/7QDkeO4Oj4tqPTpev5ZhP-bJhzfpDSM_jg.png?1646058248\nЛибо открыть курс, вкладку ""Участники"".']"|0.3022834
Пишу правильный ответ на текст, пишет допустили ошибку|['Если в тесте несколько вопросов, а сотрудник неверно ответил только на один, то он не узнает, на какой именно.']|0.3158604
Пишу правильный ответ на текст, пишет допустили ошибку|['Если тип вопроса - с вариантами ответа, вы можете сразу добавить все варианты и отметить верный.']|0.32432234
Пишу правильный ответ на текст, пишет допустили ошибку|"['|\nЕсли вы допустили ошибку, можно отменить действие, либо, наоборот, вернуть последнее отмененное, для этjго в левом верхнем углу есть соответствующие кнопки:\nhttps://s3.amazonaws.com/cdn.freshdesk.com/data/helpdesk/attachments/production/73003641248/original/MBGkK5vb0ZLRRczUEc3iOogUOW3gqCTxrA.png?1646057732\nОтменить действие можно также по команде Ctrl+Z.']"|0.32460392
Пишу правильный ответ на текст, пишет допустили ошибку|['Решение мы\nописали в статье с частыми вопросами.']|0.33227912
есть ли возможность загрузить в Platrum опросник 360 для прохождения анонимного опроса всеми сотрудниками компании использующими в работе программу.|"['Это можно сделать, заполнив форму в том же меню по кнопке ""Заказать внедрение"", либо на нашем сайте -\nhttps://platrum.ru/partners-list (https://platrum.ru/partners-list)\nВ течение часа с момента заполнения анкеты с вами свяжутся наши партнеры, соберут требования и обсудят детали процесса подключения.']"|0.29165223
есть ли возможность загрузить в Platrum опросник 360 для прохождения анонимного опроса всеми сотрудниками компании использующими в работе программу.|['Таким образом сотрудники смогут работать с Platrum только из вашего офиса.']|0.29914418
есть ли возможность загрузить в Platrum опросник 360 для прохождения анонимного опроса всеми сотрудниками компании использующими в работе программу.|['В Platrum вы можете вести учет всех ваших контрагентов и отслеживать, кто в каких объемах и за что платит вам, а кому вы.']|0.3024961
есть ли возможность загрузить в Platrum опросник 360 для прохождения анонимного опроса всеми сотрудниками компании использующими в работе программу.|['Вы сможете сами отслеживать работу своих сотрудников в одном удобном инструменте.']|0.30599883
Как вставить тесты и практические задания в обучающий курс?|['К каждой статье вы можете добавить проверочные вопросы и создать из них курсы и экзамены, которые автоматически будут обучать ваших сотрудников и помогать контролировать их знания.']|0.27020442
Как вставить тесты и практические задания в обучающий курс?|['Добавляем тесты\n--- Шаг 2.']|0.27696836
Как вставить тесты и практические задания в обучающий курс?|['В небольшом видео ниже описана настройка и работа инструмента:\nhttps://www.youtube.com/embed/gklTnjZLXg0\n\n### Как работает автоматический контроль знаний\nСуть данного инструмента в том, что для сотрудников, проходивших курсы академии раз в определенный период, автоматически формируется новый курс, содержащий в себе понемногу вопросов от каждого пройденного ранее.']|0.27899408
Как вставить тесты и практические задания в обучающий курс?|"['О том, как добавлять вопросы и создавать тесты вы можете узнать из нашего видео:\nhttps://www.youtube.com/embed/esLVA9YBT04\nДля добавления вопроса нужно нажать на кнопку ""Добавить вопрос"".']"|0.2856866
Подскажите, как пересдать экзамен, если есть неверные ответы?|['Если в тесте несколько вопросов, а сотрудник неверно ответил только на один, то он не узнает, на какой именно.']|0.27181855
Подскажите, как пересдать экзамен, если есть неверные ответы?|['Когда слушатель зайдет в курс с экзаменом требующим пересдачи, то он увидит в каких вопросах ошибся и сможет прочитать комментарии тренера.']|0.2843072
Подскажите, как пересдать экзамен, если есть неверные ответы?|['Экзамен содержит все экзаменационные вопросы.']|0.29931086
Подскажите, как пересдать экзамен, если есть неверные ответы?|['При этом вы можете сделать экзаменационным и закрытый вопрос , нажав на кнопку в виде академической шапочки.']|0.30316216
Менеджеры могут и писать курс и проходить его потом?|['Тренера может назначить Администратор академии или Создатель курсов среди участников курса.']|0.2622199
Менеджеры могут и писать курс и проходить его потом?|['Как только сотрудник отправит обязательный курс на проверку, метрики станут ему доступны.']|0.2818095
Менеджеры могут и писать курс и проходить его потом?|['У него и его руководителя на рабочем столе уведомление станет красным и текст изменится на то, что есть просроченные обязательные курсы.']|0.28595668
Менеджеры могут и писать курс и проходить его потом?|['При этом, если у сотрудника есть доступ на заполнение метрик других сотрудников, эта возможность у него останется, но свои он не сможет заполнять, пока не завершит прохождение обязательного курса в академии.']|0.2860984
Подскажите, пожалуйста, как перенести статью из папки в папку|['Если в курс нужно добавить несколько статьей из одной папки, нажмите на + рядом с названием папки.']|0.3084749
Подскажите, пожалуйста, как перенести статью из папки в папку|['Чтобы перенести задачу в план, и наоборот, из плана, нужно нажать на соответствующую кнопку.']|0.3170692
Подскажите, пожалуйста, как перенести статью из папки в папку|['https://s3.amazonaws.com/cdn.freshdesk.com/data/helpdesk/attachments/production/73003640956/original/MRn3EmBP2mnWs6BMx9DS-TCxYMggR7L_AA.png?1646057547\nТаким образом можно перемещать статью можно внутри родительской подкатегории.']|0.32003534
Подскажите, пожалуйста, как перенести статью из папки в папку|"['Если требуется переместить статью в другую категорию или раздел, нужно нажать на кнопку “Изменить расположение” (пиктограмма “карандаша” над названием статьи) и выбрать в выпадающем окне нужный вам раздел или категорию:\nhttps://s3.amazonaws.com/cdn.freshdesk.com/data/helpdesk/attachments/production/73003640965/original/9v_8gTcYky_xVeLn1SDTvRfRsi-QRmVvlQ.png?1646057550\n\n### Удаление статей и разделов\nЕсли вам нужно удалить созданный раздел, зайдите в него и нажмите на шестеренку настроек справа от названия раздела, выберите ""Редактирование раздела"":\nhttps://s3.amazonaws.com/cdn.freshdesk.com/data/helpdesk/attachments/production/73033754107/original/VahkJvvzPD6Y8_9q6fM-m9LI_l-7gMNQKA.png?1669900400\nВ открывшемся окне нажмите на ""Удалить"", раздел вместе со статьями в нем будет полностью удален.']"|0.32037926
Подскажите, возможно ли в текстовом редакторе внутри базы знаний сделать картинку- полоску для разделения текста.|"['Напротив поля нажать на кнопку с тремя точками и там включить чекбокс ""Выводить под блоком""\nhttps://s3.amazonaws.com/cdn.freshdesk.com/data/helpdesk/attachments/production/73003438161/original/JBq5-kPpWNuZiHIP75CwD8PkqrjOP0ELEA.png?1645704081\n\n#### Как добавить отдел между двумя существующими по вертикали?']"|0.28185514
Подскажите, возможно ли в текстовом редакторе внутри базы знаний сделать картинку- полоску для разделения текста.|['https://s3.amazonaws.com/cdn.freshdesk.com/data/helpdesk/attachments/production/73003438160/original/t0tzUdXfgTdi2a8KaoZE3UXzH59OTt_DaQ.png?1645704080\nДля этого:\n- Перейдите в режим редактирования структуры;\n- Наведите курсор на нижнюю или боковую границу блока (в зависимости от того, как вы хотите ее растянуть: вширь или в длину), появится двойная стрелка;\n- Зажмите левую кнопку мыши и потяните границу в нужную сторону.']|0.289317
Подскажите, возможно ли в текстовом редакторе внутри базы знаний сделать картинку- полоску для разделения текста.|['В этом случае при следующем посещении раздела вы увидите рядом с такой статьей пиктограмму с восклицательным знаком, а самой статье пометку, что есть несохраненные изменения:\nhttps://s3.amazonaws.com/cdn.freshdesk.com/data/helpdesk/attachments/production/73003641268/original/soDkAI-N6LRQgjv8cCy_QqdD4aiLCEnX-A.png?1646057737\nВажно: Если вы зайдете в базу знаний с другого устройства, вы не увидите последние несохраненные правки.']|0.29502192
Подскажите, возможно ли в текстовом редакторе внутри базы знаний сделать картинку- полоску для разделения текста.|['Для этого используем оператор ^:\nhttps://s3.amazonaws.com/cdn.freshdesk.com/data/helpdesk/attachments/production/73003641261/original/PHnA7p4Rbbv0WjsC35WnNAGiBZ0Bg7aSmg.png?1646057736\nПо аналогии можно сослаться на одну из уже добавленных статей, поставив в нужном месте текста #:\nhttps://s3.amazonaws.com/cdn.freshdesk.com/data/helpdesk/attachments/production/73003641265/original/y8aDi1ncG6C9kn9q5vtdBGiLNWpfkJIDiw.png?1646057736\n\n### Типы контента\nЕсли навести на блок текста, слева можно увидеть знак “Р”, это означает, что сейчас в нашем блоке введен текст. Если навести на саму букву, то появится стрелка, по нажатию\xa0на которую появится список всех возможных типов контента:\n- Заголовки H1 и H2\n- Цитата\n- Списки (нумерованный и маркированный)\n- Таблица\n- Выделение в три цвета (красный, желтый, зеленый)\n- Изображение (PNG, JPG, GIF)\n- Код\n- Видео-хостинги - добавляет видео из YouTube или RuTube при вставке ссылки\n- Аудиоплеер - для вставки аудио файлов (MP3, WAV)\n- Видеоплеер - для вставки видео файлов (MKV, MOV, MP4)\n- iframe - контейнер, куда загружается содержимое с другого ресурса (например, график из Google Таблицы)\n- Файл\n- Столбцы (30/70, 70/30, 50/50)\nhttps://s3.amazonaws.com/cdn.freshdesk.com/data/helpdesk/attachments/production/73003641275/original/-wzy8VHxi13tHxe9NQ58GPg_HajMYRlzBQ.png?1646057741\nНа примере ниже мы добавили в статью отсылки к сотруднику и другим статьям базы знаний, цитату, iframe, столбцы 50/50 с выделением разными цветами:\nhttps://s3.amazonaws.com/cdn.freshdesk.com/data/helpdesk/attachments/production/73003641269/original/kKEyO_v2hv620eyL8VEBSgpdPZij4_WZjw.png?1646057737\nВы можете создать маркированный и нумерованный список, нажав на соответствующие кнопки сверху в панели инструментов.']|0.29850006
новости в компании каждый сотрудник может публиковать?|['Проверите, как удобно вести свою базу знаний для хранения и публикации информации внутри компании (На старте вам доступно создание до 20 статей).']|0.27125692
новости в компании каждый сотрудник может публиковать?|['Сохранить готовую статью можно как публикацию, видимую всем, у кого есть доступ, а также как черновик.']|0.27146226
новости в компании каждый сотрудник может публиковать?|['Также такие сотрудники будут видеть статью, даже если она еще в статусе черновика, так как они должны участвовать в работе над этой статьей.']|0.27821803
новости в компании каждый сотрудник может публиковать?|['По каждому сотруднику в курсе отображается прогресс.']|0.28521842
Здравствуйте есть api на бронирование?|['- Как забронировать?']|0.25523093
Здравствуйте есть api на бронирование?|['# Бронирование\n\n\nДанная функциональность предназначена для удобного бронирования чего-либо, например, переговорных комнат.']|0.29536533
Здравствуйте есть api на бронирование?|['Если вам не удобно пользоваться календарным представлением, вы можете открыть окно бронирования:\nhttps://s3.amazonaws.com/cdn.freshdesk.com/data/helpdesk/attachments/production/73008946997/original/ZFTR9S1ueAGV7KzbnOCqZatKPN9KBqG70w.png?1651847628\nЗдесь в более удобном формате вы сможете выбрать нужное время и увидеть, какие переговорные комнаты доступны на данное время.']|0.30594203
Здравствуйте есть api на бронирование?|['Любой сотрудник может зайти в раздел, и забронировать необходимую ему переговорную комнату.']|0.32426298
как добавить права сотруднику и какие чтоб он мог делать курсы и выставлять их|['Добавляем участников и тренеров\nЧтобы сотрудники узнали о курсе и начали его проходить, нужно добавить в курс соответствующие должности.']|0.22936237
как добавить права сотруднику и какие чтоб он мог делать курсы и выставлять их|"['Если у вас уже добавлены сотрудники и настроены права для них, чтобы не повторять действие для каждого нового сотрудника, можно в поле ""Права как у"" выбрать сотрудника, у которого уже есть необходимый набор прав. Например, если у вас уже добавлен администратор базы знаний и академии, и вам нужен еще один такой же сотрудник, вы в данном поле можете выбрать его из выпадающего списка.']"|0.23774986
как добавить права сотруднику и какие чтоб он мог делать курсы и выставлять их|['Как добавить сотрудников \xa0в проект, назначить на должности, выдать нужные права и задать графики работы описано в статьях раздела по шагам:\n\n### Шаг 1.']|0.23962295
как добавить права сотруднику и какие чтоб он мог делать курсы и выставлять их|['- Создатель курсов -\xa0сотрудник с таким доступом может создавать курсы, назначать участников, тренеров, проверять результаты участников.']|0.2564701
Работает ли Платрум в Азербайджане?|['Таким образом сотрудники смогут работать с Platrum только из вашего офиса.']|0.32052854
Работает ли Платрум в Азербайджане?|['И, главное, вы заставите каждый ваш документ работать, потому что База знаний Platrum включает в себя инструмент Академии.']|0.33271068
Работает ли Платрум в Азербайджане?|['На втором экране можно записаться на внедрение Platrum, пройти курс обучения пользованию системой.']|0.33431304
Работает ли Платрум в Азербайджане?|['Это может быть востребовано в случае, если у вас несколько направлений в бизнесе и вы хотите разделить их в Platrum.']|0.3352961
в БП есть опция отмены создания БП?|['- Как забронировать?']|0.32596567
в БП есть опция отмены создания БП?|"['Если вы не хотите, чтобы исполнитель мог менять сроки выполнения шага, можно снять галочку ""Можно перенести"" справа.']"|0.34184915
в БП есть опция отмены создания БП?|"['Если вы не хотите, чтобы исполнитель мог менять сроки выполнения шага, можно снять галочку ""Можно перенести"" справа.']"|0.34184915
в БП есть опция отмены создания БП?|['Но если это требуется, можно включить такую опцию в настройках фин.планирования.']|0.3484272
есть ли у БП параметр успешности\неуспешности закрытия? Н-р, при выборе одного селекта + завершить БП будет помечен как успешно закрытый, другого + завершить - как неуспешно закрытый.|['У каждой метрики вы можете открыть меню выбора преемника.']|0.35761017
есть ли у БП параметр успешности\неуспешности закрытия? Н-р, при выборе одного селекта + завершить БП будет помечен как успешно закрытый, другого + завершить - как неуспешно закрытый.|['Когда все шаги по бизнес-процессу будут выполнены, процесс будет считаться закрытым:\nhttps://s3.amazonaws.com/cdn.freshdesk.com/data/helpdesk/attachments/production/73026292920/original/HHsdz_sFjSpji1Ks8fHHdcBt0EYYW2YPoQ.png?1664790826\nНа верхней панели процесса вы можете увидеть постановщика, название процесса, шаг, на котором процесс сейчас находится, дедлайн по всему процессу, карту процесса и более подробную историю действий по процессу.']|0.36528963
есть ли у БП параметр успешности\неуспешности закрытия? Н-р, при выборе одного селекта + завершить БП будет помечен как успешно закрытый, другого + завершить - как неуспешно закрытый.|['При этом вы можете сделать экзаменационным и закрытый вопрос , нажав на кнопку в виде академической шапочки.']|0.36563182
есть ли у БП параметр успешности\неуспешности закрытия? Н-р, при выборе одного селекта + завершить БП будет помечен как успешно закрытый, другого + завершить - как неуспешно закрытый.|"['Если вы нажмете на кнопку завершения задачи, задача автоматически перейдет в статус ""Завершенная"" и сменит колонку на ""Завершенные"".']"|0.36705574
как сделать чтоб сотрудник мог видеть и вносить суммы в расходах и доходах только своей кассы и типов его отдела|['Чтобы другие сотрудники имели к нему доступ в разделе Настройки -> Доступы -> Финансы нужно выдать доступ “Отчет ДДС”\nhttps://s3.amazonaws.com/cdn.freshdesk.com/data/helpdesk/attachments/production/73021088619/original/PLPBe2T5Q3GPIvBPlkqMxur29v0eeYjZ6Q.png?1660925110\nСотрудник с таким уровнем доступа увидит полный отчет по движению денежных средств.']|0.24479002
как сделать чтоб сотрудник мог видеть и вносить суммы в расходах и доходах только своей кассы и типов его отдела|['Полный доступ к работе с инструментом другим сотрудникам можно выдать в разделе Настройки-> Доступы -> Финансы\nhttps://s3.amazonaws.com/cdn.freshdesk.com/data/helpdesk/attachments/production/73021087869/original/4N6hfnMbphJBcXhjotf48zSONfe5exefhQ.png?1660924761\nВы можете выдать как полный доступ, так и ограничить для некоторых сотрудников работу с финансами только просмотром некоторых отчетов.']|0.24545209
как сделать чтоб сотрудник мог видеть и вносить суммы в расходах и доходах только своей кассы и типов его отдела|['Таким образом, если у вас несколько филиалов с разными счетами или в рамках одной компании разные сотрудники отвечают за разные кассы, вы можете выдать этот доступ им всем и каждый из них сможет видеть данные только по тому счету, который ему доступен.']|0.24816357
как сделать чтоб сотрудник мог видеть и вносить суммы в расходах и доходах только своей кассы и типов его отдела|['Таким образом однажды настроив разбивку типов расхода по отделам вам не нужно каждый раз вручную выдавать доступ всем новым сотрудникам к необходимым типам.']|0.26002854
Как создать виджет в дашбоорд?|['Пример, как будет выглядеть дашборд, если добавить таблицу.']|0.25315025
Как создать виджет в дашбоорд?|['https://www.youtube.com/embed/8hiiG4AAcFo?list=PLW1EmxdCk9RLifE7Rz6ZvsasPB1QrtGA9\n\n### Как настроить дашборд\n\n#### Создание\nДля создания и настройки дашборда вам нужно просто добавить на него нужные виджеты.']|0.25348976
Как создать виджет в дашбоорд?|['Но в дашбордах есть возможность на один виджет вывести графики метрик из разных должностей.']|0.26596957
Как создать виджет в дашбоорд?|"['Это делается по кнопке ""Добавить виджет"".']"|0.2698046
работает ли Platrum в Китае?|['Таким образом сотрудники смогут работать с Platrum только из вашего офиса.']|0.32097182
работает ли Platrum в Китае?|['Это может быть востребовано в случае, если у вас несколько направлений в бизнесе и вы хотите разделить их в Platrum.']|0.338315
работает ли Platrum в Китае?|['Вы сможете настроить Platrum так, как удобно вам.']|0.3437519
работает ли Platrum в Китае?|['В Platrum вы можете вести учет всех ваших контрагентов и отслеживать, кто в каких объемах и за что платит вам, а кому вы.']|0.34418118
где я могу получить информацию о том,что такое Программа обучения и как с ней работать?|['О том как создавать вопросы и курсы вы можете подробнее узнать из\nстатьи (https://help.platrum.ru/article/23-article)\nили нашего видео:\nhttps://www.youtube.com/embed/esLVA9YBT04']|0.28410444
где я могу получить информацию о том,что такое Программа обучения и как с ней работать?|['На втором экране можно записаться на внедрение Platrum, пройти курс обучения пользованию системой.']|0.29029894
где я могу получить информацию о том,что такое Программа обучения и как с ней работать?|['Информация о непройденных курсах, а также незавершенных обязательных курсах будет видна на рабочем столе сотрудника и его руководителя:\nhttps://s3.amazonaws.com/cdn.freshdesk.com/data/helpdesk/attachments/production/73003642049/original/KUQs8T-qmZaHusrYxdWONa-wQYapcDX1gA.png?1646058246']|0.29176137
где я могу получить информацию о том,что такое Программа обучения и как с ней работать?|['Как работать с отчетом, можно\nпрочитать в инструкции.']|0.29264104
Где могу посмотреть удаленные статьи на платрум?|['Подробнее про данный план можно прочесть\n (https://platrum-techsupport.freshdesk.com/ru-RU/support/solutions/articles/73000525796-%D0%BF%D0%BB%D0%B0%D0%BD-%D0%BF%D0%BE-%D0%BC%D0%B5%D1%81%D1%8F%D1%86%D0%B0%D0%BC)\nв\nстатье (https://platrum-techsupport.freshdesk.com/ru-RU/support/solutions/articles/73000525796-%D0%BF%D0%BB%D0%B0%D0%BD-%D0%BF%D0%BE-%D0%BC%D0%B5%D1%81%D1%8F%D1%86%D0%B0%D0%BC)\n.']|0.31841382
Где могу посмотреть удаленные статьи на платрум?|['Подробнее про Остатки можно прочесть в данной\nстатье (https://platrum-techsupport.freshdesk.com/ru-RU/support/solutions/articles/73000525790-%D0%B1%D0%B0%D0%BB%D0%B0%D0%BD%D1%81)\n.']|0.33328915
Где могу посмотреть удаленные статьи на платрум?|['Об отчете можно прочитать в статье\nОтчет Контроля качества (https://help.platrum.ru/ru-RU/support/solutions/articles/73000525809-Отчет-Контроля-качества)']|0.33523232
Где могу посмотреть удаленные статьи на платрум?|['В Platrum вы можете вести учет всех ваших контрагентов и отслеживать, кто в каких объемах и за что платит вам, а кому вы.']|0.3388434
как мне скопировать ссылку так, чтобы при открытии открылся сразу нужный заголовк?|['Скопировать его можно, наведя в режиме редактирования на нужный заголовок:\nhttps://s3.amazonaws.com/cdn.freshdesk.com/data/helpdesk/attachments/production/73003641267/original/5pmxVSs_0J98LKtDbsvr6kfJbiqjDhk6Rw.png?1646057737\nЕсли ссылаться нужно на одну из уже созданных статей, конкретного сотрудника на структуре или отдел, это можно сделать с помощью операторов #, @, ^ соответственно.']|0.29300395
как мне скопировать ссылку так, чтобы при открытии открылся сразу нужный заголовк?|['Как это сделать, описано\nв документации по ссылке.']|0.3204674
как мне скопировать ссылку так, чтобы при открытии открылся сразу нужный заголовк?|['https://s3.amazonaws.com/cdn.freshdesk.com/data/helpdesk/attachments/production/73003641264/original/y-FxwpgwBv9lopsOdmofXJ_Dx095Y8g-Tg.png?1646057736\nВ это поле помимо ссылки можно также добавить идентификатор заголовка, чтобы сослаться на какую-то часть текст внутри статьи (якорная ссылка).']|0.32179227
как мне скопировать ссылку так, чтобы при открытии открылся сразу нужный заголовк?|"['Чтобы получить ссылку, нужно нажать на ""Поделиться"" рядом с названием должности, после чего скопировать адрес из адресной строки браузера:\nhttps://s3.amazonaws.com/cdn.freshdesk.com/data/helpdesk/attachments/production/73034207586/original/GrXNfEeUeFJ0Vg5Vvm0V1htVF7I4tom5BA.png?1670262024\n\n### Должность\nВ информации о должности можно найти:\n- id должности;\n- название блока;\n- название должности;\n- дополнительные поля (например, на скриншоте выше дополнительное поле ""Результат"").']"|0.32749528
Подскажите, пожалусйта, как удалить демо-данные по метрикам|['Иначе впоследствии, когда вы будете наполнять проект своими данными, вы раньше израсходуете лимит, а удаляя демо-данные с уже отредактированной структурой и созданными метриками, потеряете их.']|0.24307175
Подскажите, пожалусйта, как удалить демо-данные по метрикам|['Это делается через Режим редактирования метрик (переход в него по иконке справа вверху):\nhttps://s3.amazonaws.com/cdn.freshdesk.com/data/helpdesk/attachments/production/73003732053/original/a_dXr76fyfDKpow_blJRtN1fxI5re0aT5Q.png?1646155679\nУ метрики можно задавать, Название, Описание (пояснение, если название не однозначно описывает суть показателя), можно сделать её обратной (метрика, в которой чем значение меньше - тем лучше), делать её ежедневной, недельной или месячной, а так же можно объединить две метрики в двойную:\nhttps://s3.amazonaws.com/cdn.freshdesk.com/data/helpdesk/attachments/production/73003732037/original/i_1lXCddMyQN9dfxnG6Ugpu_kpLO5wosaA.png?1646155677\nСреди метрик должности есть главная (ГМ или ГСД).']|0.28350323
Подскажите, пожалусйта, как удалить демо-данные по метрикам|"['Если нужно посмотреть значения за все время заполнения сотрудником метрики, нужно нажать на три точки в правом углу интересующего графика и включить переключатель ""Показать исторические данные"":\nhttps://s3.amazonaws.com/cdn.freshdesk.com/data/helpdesk/attachments/production/73003732030/original/ZBRSp1ozqrI0Mxik74f_itTiF2Z-3DyNyw.png?1646155669\n\n#### Проблемы в метриках подчиненных\nВ метриках прямых подчиненных можно увидеть указание на наличие проблем.']"|0.30703175
Подскажите, пожалусйта, как удалить демо-данные по метрикам|['Для этого просто нужно отключить переключатель Двойная метрика в настройках метрик.']|0.30723733
мы можем перенести влю базу знаний на другой аккаунт?|['База знаний будет перенесена в течении 1 рабочего дня.']|0.25724822
мы можем перенести влю базу знаний на другой аккаунт?|['Вы можете организовать базу знаний в соответствии со своим видением и особенностями бизнеса.']|0.28976813
мы можем перенести влю базу знаний на другой аккаунт?|['Проверите, как удобно вести свою базу знаний для хранения и публикации информации внутри компании (На старте вам доступно создание до 20 статей).']|0.2955273
мы можем перенести влю базу знаний на другой аккаунт?|['Один раз организовав структуру внутри базы знаний вам больше не придется вспоминать об этом вопросе, так как система продолжит работать без вашего участия.']|0.30506122
Скажите, есть возможность в P&L отчете в формулах учитывать проценты?|['(https://help.platrum.ru/ru-RU/support/solutions/articles/73000525790-Остатки)\n\n##### P&L (profit and loss)\nОтчет о прибыльности компании рассмотрен\nв документации (https://help.platrum.ru/ru-RU/support/solutions/articles/73000525783-p-l)\n.']|0.30212548
Скажите, есть возможность в P&L отчете в формулах учитывать проценты?|['Такая возможность есть как для типов расхода, так и для дохода.']|0.30350652
Скажите, есть возможность в P&L отчете в формулах учитывать проценты?|['Так, в сводном отчете есть два блока: структура доходов и структура расходов.']|0.30382565
Скажите, есть возможность в P&L отчете в формулах учитывать проценты?|['В отчете можно посмотреть среднее количество выручки в рабочий и в выходной день, сравнить выручку по периодам, а также задать план роста выручки компании и следить за его выполнением.']|0.30610305
в каком из инструментов планирования задач мне будет удобней всего отслеживать именно просроченные задачи - чтобы они подсвечивались красным например|['С помощью данного инструмента вы сможете удобно планировать свою деятельность, а также контролировать задачи и цели ваших подчиненных.']|0.24060929
в каком из инструментов планирования задач мне будет удобней всего отслеживать именно просроченные задачи - чтобы они подсвечивались красным например|['Просроченные задачи из прошлых планов подсвечиваются красным цветом, выполненные - зеленым.']|0.24968144
в каком из инструментов планирования задач мне будет удобней всего отслеживать именно просроченные задачи - чтобы они подсвечивались красным например|['Это поможет приоритезировать, какие задачи стоит брать в работу первыми.']|0.25609136
в каком из инструментов планирования задач мне будет удобней всего отслеживать именно просроченные задачи - чтобы они подсвечивались красным например|['Эти задачи также можно перенести себе в план, чтобы можно было следить за результатом ее выполнения, не открывая план сотрудника.']|0.2696203
орг структуру внутри статьи нарисовать можно?|['#### Как распечатать структуру?']|0.29923838
орг структуру внутри статьи нарисовать можно?|['Нет, вы можете создавать статьи, удобные вам по размеру и содержанию']|0.30024338
орг структуру внутри статьи нарисовать можно?|['Например, можно организовать структуру таким образом, чтобы разделы соответствовали отделам структуры, а внутри каждого раздела формируются подкатегории для секций и групп.']|0.31015772
орг структуру внутри статьи нарисовать можно?|['# Частые вопросы по работе со структурой\n\n\nСОДЕРЖАНИЕ\n- Как распечатать структуру?']|0.32565898
как сохранить работу над ошибками?|['Это поможет сотрудникам не совершать те же ошибки вновь.']|0.2974886
как сохранить работу над ошибками?|"['|\nЕсли вы допустили ошибку, можно отменить действие, либо, наоборот, вернуть последнее отмененное, для этjго в левом верхнем углу есть соответствующие кнопки:\nhttps://s3.amazonaws.com/cdn.freshdesk.com/data/helpdesk/attachments/production/73003641248/original/MBGkK5vb0ZLRRczUEc3iOogUOW3gqCTxrA.png?1646057732\nОтменить действие можно также по команде Ctrl+Z.']"|0.32263812
как сохранить работу над ошибками?|['Будет полезно, если к материалу добавлено много вопросов, и в случае ошибки сотруднику придется потратить много времени, чтобы заново отвечать на все.']|0.32979202
как сохранить работу над ошибками?|['С помощью нашего расширения для Google Chrome, вы можете проверять своих сотрудников на ошибки и несостыковки в их работе с другими CRM системами (На старте вам доступно до 50 проверок в месяц).']|0.3351712
В карточку задачи скриншот по принципу ctrl+v вставить не получится?|['Чтобы перенести задачу в план, и наоборот, из плана, нужно нажать на соответствующую кнопку.']|0.29157302
В карточку задачи скриншот по принципу ctrl+v вставить не получится?|"['Задача ставится сразу на всех сотрудников, занимающих выбранную должность.Для добавления нажмите на ""Добавить задачу"":\nhttps://s3.amazonaws.com/cdn.freshdesk.com/data/helpdesk/attachments/production/73037407934/original/IPYgYI2RHS7vvHFBu2Ie7UKjJ3fozhC9ew.png?1672303680\nОбратите внимание, что задачи на должность всегда повторяющиеся, период повторения вы можете выбрать в задаче.']"|0.30339885
В карточку задачи скриншот по принципу ctrl+v вставить не получится?|['В этом случае достаточно ввести только название задачи и сохранить, нажав на Enter.']|0.30511248
В карточку задачи скриншот по принципу ctrl+v вставить не получится?|['https://s3.amazonaws.com/cdn.freshdesk.com/data/helpdesk/attachments/production/73013802115/original/DpkGP-mH78gwyMCYAwtAgbufgb2qJ0gvVA.png?1655979618\nВсе карточки задач в шаблонах не являются реальными задачами - они не будут показываться у сотрудников или в списке задач при фильтрации.']|0.30556417
почему я не вижу доступных курсов в разделе Академия?|['Участникам курса список остальных участников недоступен, так что увидеть прогресс по всем слушателям может только администратор академии или тренер данного курса.']|0.24832278
почему я не вижу доступных курсов в разделе Академия?|['Владелец проекта по умолчанию имеет доступ ко всем действиям в академии.']|0.25358844
почему я не вижу доступных курсов в разделе Академия?|['А курс теперь будет им доступен в списке курсов (на главной странице Академии).']|0.25719705
почему я не вижу доступных курсов в разделе Академия?|['#### Отделы не участвующие в контроле\nПо умолчанию курсы не назначаются сотрудникам, у которых в принципе нет ни одного пройденного курса в Академии.']|0.26528037
можно ли секции в оргсхеме менять местами?|['Любой блок можно поменять местами с другим.']|0.3099447
можно ли секции в оргсхеме менять местами?|['По такому же принципу можно поменять\xa0местами\xa0и сами списки.']|0.3238293
можно ли секции в оргсхеме менять местами?|['Главную должность можно поменять в профиле сотрудника.']|0.32605052
можно ли секции в оргсхеме менять местами?|['Вы можете изменить его на другой удобный вариант, но тогда не будет понятно, как эти задачи расположены на доске относительно друг друга.']|0.33114505
можно как-то, чтоб метрики не удалять, а в архив отправлять?|['Это делается через Режим редактирования метрик (переход в него по иконке справа вверху):\nhttps://s3.amazonaws.com/cdn.freshdesk.com/data/helpdesk/attachments/production/73003732053/original/a_dXr76fyfDKpow_blJRtN1fxI5re0aT5Q.png?1646155679\nУ метрики можно задавать, Название, Описание (пояснение, если название не однозначно описывает суть показателя), можно сделать её обратной (метрика, в которой чем значение меньше - тем лучше), делать её ежедневной, недельной или месячной, а так же можно объединить две метрики в двойную:\nhttps://s3.amazonaws.com/cdn.freshdesk.com/data/helpdesk/attachments/production/73003732037/original/i_1lXCddMyQN9dfxnG6Ugpu_kpLO5wosaA.png?1646155677\nСреди метрик должности есть главная (ГМ или ГСД).']|0.27696204
можно как-то, чтоб метрики не удалять, а в архив отправлять?|['А если ответственный за выполнение показателя уволился, можно всегда передать его метрику приемнику.']|0.29173887
можно как-то, чтоб метрики не удалять, а в архив отправлять?|"['(https://platrum-techsupport.freshdesk.com/ru-RU/support/solutions/articles/73000525757)\n\n### Передача метрик на одной должности\nhttps://www.youtube.com/embed/HAcKEKceXmQ?list=PLW1EmxdCk9RLifE7Rz6ZvsasPB1QrtGA9\nЕсли на должности меняется сотрудник и вам нужно передать значения метрик, то можно это сделать следующим образом:\n- Снимаете с должности первого сотрудника\n- Назначаете его преемника\n- Переходите на рабочий стол первого сотрудника (даже если он уже удален, вы можете просматривать его метрики)\n- Включаете фильтр ""Показать архивные метрики""\n- В разделе ""Архивные метрики"" у этого сотрудника вы увидите метрики, которые он вел до того, как его сняли с должности.']"|0.29556215
можно как-то, чтоб метрики не удалять, а в архив отправлять?|['Как только сотрудник отправит обязательный курс на проверку, метрики станут ему доступны.']|0.29612565
может ли один курс быть в разных программах?|['Так, статьи одного раздела могут участвовать в разных курсах.']|0.24220908
может ли один курс быть в разных программах?|"['Или ваши курсы разбиты по разным темам, и вам необходимо рассортировать курсы по темам, например, ""Продажи"", ""Продвижение"" и т.д - в этом вам так же помогут программы обучения.']"|0.26344115
может ли один курс быть в разных программах?|['https://s3.amazonaws.com/cdn.freshdesk.com/data/helpdesk/attachments/production/73023387999/original/y8ObPTEilN5DdAgXarLOiCKM_pwROo899A.png?1662561281\nНапример, вам необходимо, чтобы сотрудники проходили курсы в четкой последовательности - вы сможете настроить прохождение программы таким образом, чтобы сотрудники не смог приступить к следующему курсу, пока не будет пройден предыдущий.']|0.31783533
может ли один курс быть в разных программах?|['Тренера может назначить Администратор академии или Создатель курсов среди участников курса.']|0.32184
шаблон на 7 управленний доступен только после оплаты?|['Позже шаблоны будут доработаны, чтобы к ним также можно было настраивать свои доступы.']|0.2698981
шаблон на 7 управленний доступен только после оплаты?|['Брендирование доступно только на тарифе Профи.']|0.29672158
шаблон на 7 управленний доступен только после оплаты?|['Другим пользователям инструмент станет доступен, если:\n- Сотрудник участвует в цепочке согласования платежей\n- У него есть доступ на просмотр или создание платежей\nhttps://s3.amazonaws.com/cdn.freshdesk.com/data/helpdesk/attachments/production/73015016788/original/4AyCFMvGb-usIdaVcmBgU4VUdfm6Qa2pUQ.png?1657011452\nДоступы к платежной таблице позволяют видеть платежи только по доступным сотруднику кассам и проектам.']|0.301619
шаблон на 7 управленний доступен только после оплаты?|['API-ключ доступен только владельцу проекта.']|0.3141976
Забыл пароль. Как восстановить?|['И напоминая тем самым, что пароль стоит сменить.']|0.2592947
Забыл пароль. Как восстановить?|['Поэтому при его утрате получить пароли будет невозможно и придется заново записывать все пароли.']|0.27709052
Забыл пароль. Как восстановить?|['Поэтому обязательно сохраните мастер пароли где-то в надежном месте, чтобы не забыть их.']|0.2789177
Забыл пароль. Как восстановить?|['Но при этом, фактически, сотрудник еще знает пароль, так как он мог его где-то сохранить.']|0.29086208
Как передать метрики?|['Создавать и заполнять метрики\nкак свои, так и своих подчиненных или сотрудников компании для отслеживания эффективности работы.']|0.25424227
Как передать метрики?|['Это делается через Режим редактирования метрик (переход в него по иконке справа вверху):\nhttps://s3.amazonaws.com/cdn.freshdesk.com/data/helpdesk/attachments/production/73003732053/original/a_dXr76fyfDKpow_blJRtN1fxI5re0aT5Q.png?1646155679\nУ метрики можно задавать, Название, Описание (пояснение, если название не однозначно описывает суть показателя), можно сделать её обратной (метрика, в которой чем значение меньше - тем лучше), делать её ежедневной, недельной или месячной, а так же можно объединить две метрики в двойную:\nhttps://s3.amazonaws.com/cdn.freshdesk.com/data/helpdesk/attachments/production/73003732037/original/i_1lXCddMyQN9dfxnG6Ugpu_kpLO5wosaA.png?1646155677\nСреди метрик должности есть главная (ГМ или ГСД).']|0.2566719
Как передать метрики?|"['### Передача значений метрик\nЕсли вам нужно передать метрику между должностями:\n- Заходите на Рабочий стол к сотруднику, из метрики которого будете копировать значения, в ней нажимаете на три точки, затем в появившемся меню ""Показать исторические данные"";\n- В том же меню нажимаете следом на ""Скопировать данные в буфер обмена"";\n- Заходите на Рабочий стол к сотруднику, которому нужно передать значения метрики;\n- Нажимаете на три точки в метрике, следом ""Вставить данные из буфера обмена"".']"|0.26088372
Как передать метрики?|['Подробнее о работе с метриками можно прочитать в статье\nМетрики.']|0.2626347
Как добавить сотрудника?|['Если у вас есть доступ на добавление сотрудников, в правом верхнем углу вы увидите кнопку для добавления нового сотрудника.']|0.20135015
Как добавить сотрудника?|['Вы можете добавить сотрудника в канал из его профиля.']|0.21194065
Как добавить сотрудника?|['Как добавить сотрудников \xa0в проект, назначить на должности, выдать нужные права и задать графики работы описано в статьях раздела по шагам:\n\n### Шаг 1.']|0.21383244
Как добавить сотрудника?|['Добавляем сотрудников\nВ статье (https://help.platrum.ru/ru-RU/support/solutions/articles/73000524833-Добавление-и-удаление-сотрудников-в-системе)\nприведены примеры, как добавить сотрудников в проект по одному или массово, а также как удалять сотрудников, если они больше не работают в компании.']|0.24569681
Как выдать доступы сотруднику?|['Если у вас есть сотрудник, который работает с заявками (например, финансовый или операционный директор), вы можете выдать ему этот доступ.']|0.23758212
Как выдать доступы сотруднику?|['То есть вы можете выдать сотруднику доступ только к тому паролю или паролям, которые ему нужны.']|0.243333
Как выдать доступы сотруднику?|['Доступы выдаются отдельно каждому сотруднику.']|0.24498123
Как выдать доступы сотруднику?|['Легко и подконтрольно выдавайте доступ сотрудникам к нужным им паролям.']|0.25513497
Ваша учетная запись отключена - почему и что делать?|['Сами по себе мастер пароли ничего не дадут злоумышленнику, так как ему еще понадобится доступ к вашему аккаунту.']|0.33598542
Ваша учетная запись отключена - почему и что делать?|['Это список сотрудников, которые когда-то имели доступ к этому паролю/категории, но сейчас доступ отозван.']|0.3378703
Ваша учетная запись отключена - почему и что делать?|['Если статус выключен, то пользователь не будет учитываться в лицензии, при этом у него не будет доступа в ваш проект.']|0.33898193
Ваша учетная запись отключена - почему и что делать?|['Уведомления будут приходить на электронную почту, которая указана в вашем профиле.']|0.34010884
Как распечатать структуру?|['#### Как распечатать структуру?']|0.14457902
Как распечатать структуру?|['# Частые вопросы по работе со структурой\n\n\nСОДЕРЖАНИЕ\n- Как распечатать структуру?']|0.24193047
Как распечатать структуру?|['Чтобы распечатать структуру, её можно\nсохранить в PDF\nв формате А1 и после чего отдать в печать.']|0.25848028
Как распечатать структуру?|['# Печать структуры\n\n\nЧтобы распечатать структуру, её можно сохранить в PDF формате и после этого отдать в печать.']|0.27312538
Пропали метрики после смены структуры, как вернуть?|['Каждой должности на структуре можно назначить любое кол-во метрик.']|0.31113547
Пропали метрики после смены структуры, как вернуть?|['После того, как метрика создана, ее можно заполнять, устанавливать квоты, смотреть средние значения за периоды.']|0.33199662
Пропали метрики после смены структуры, как вернуть?|['А если ответственный за выполнение показателя уволился, можно всегда передать его метрику приемнику.']|0.3361187
Пропали метрики после смены структуры, как вернуть?|['Подробнее о работе с метриками можно прочитать в статье\nМетрики.']|0.33890626
Как заполнить метрики за предыдущие периоды?|['После того, как метрика создана, ее можно заполнять, устанавливать квоты, смотреть средние значения за периоды.']|0.22515035
Как заполнить метрики за предыдущие периоды?|['Периоды для заполнения метрик формируются исходя из присвоенного сотруднику графика работы.']|0.2506441
Как заполнить метрики за предыдущие периоды?|['Создавать и заполнять метрики\nкак свои, так и своих подчиненных или сотрудников компании для отслеживания эффективности работы.']|0.26076752
Как заполнить метрики за предыдущие периоды?|['На завтра можно поставить только плановое значение (квоту)\n- в недельной можно заполнить все предыдущие значения и значение за текущую неделю (но только, если уже наступил отчетный день)\n- в месячной можно заполнить все предыдущие периоды и значение за текущий месяц (но только, если сегодня последний день текущего месяца)\nЗаполненные значения за несколько подряд идущих периодов объединяются в график и за последние три периода строится линия тренда:\nhttps://s3.amazonaws.com/cdn.freshdesk.com/data/helpdesk/attachments/production/73003732043/original/GQsdeS5qGwT7gia3De08rR_fOR0rtDQ3BA.png?1646155678\nЕсли сотрудник не пройдет обязательный курс в академии в установленный срок прохождения, у него не будет возможности заполнять метрики на рабочем столе, пока курс не будет пройден.']|0.2608733
Как восстановить пароль?|['И напоминая тем самым, что пароль стоит сменить.']|0.2608469
Как восстановить пароль?|['Вот так выглядит наше письмо:\nhttps://s3.amazonaws.com/cdn.freshdesk.com/data/helpdesk/attachments/production/73003083302/original/clVjCJL6hqC1CP38A2ih9sgdavZb9vYMgg.png?1645106320\nПароль вы можете всегда сменить в разделе Настройки>Профиль.']|0.2703893
Как восстановить пароль?|['То есть, это не мастер пароль и получить его отсюда обратно нельзя:\nhttps://s3.amazonaws.com/cdn.freshdesk.com/data/helpdesk/attachments/production/73003743436/original/DMQZgNFCtAeJvOSaYE_Zb9xEdDkqLT8x4g.png?1646164393\n\n#### Сохранение пароля\nПробуем создать новый пароль, вводим данные и сохраняем.']|0.27283806
Как восстановить пароль?|"['С нашей парольницей данная проблема будет решена, т.к все доступы будут под нашей надежной защитой и в одном месте, которое будет доступно только вам:\nhttps://s3.amazonaws.com/cdn.freshdesk.com/data/helpdesk/attachments/production/73003746384/original/IbhhEJFdS8XpSNXjAPwUWlnvtuijY33WuQ.png?1646166828\nВам достаточно запомнить свой ""Мастер пароль"" - пароль от папки, в которой будут находится ваши доступы.']"|0.27326718
Как восстановить удаленную статью?|"['Если вам нужно удалить статью, зайдите в нее, в правом верхнем углу нажмите на три точки, выберите ""Удалить"".']"|0.32582134
Как восстановить удаленную статью?|['Сохранить готовую статью можно как публикацию, видимую всем, у кого есть доступ, а также как черновик.']|0.3288935
Как восстановить удаленную статью?|['При необходимости можно выбрать одну из версий и в режиме редактирования появится кнопка “Восстановить версию”:\nhttps://s3.amazonaws.com/cdn.freshdesk.com/data/helpdesk/attachments/production/73003641263/original/OfN88jXT0Jv5SlE1eSDbUaJquGOQmSXILQ.png?1646057736\nhttps://s3.amazonaws.com/cdn.freshdesk.com/data/helpdesk/attachments/production/73003641241/original/aWReLIPyViImzzjn8TDw25JFiougw0-mUg.png?1646057729\n\n### Добавить в избранное\nЧтобы иметь быстрый доступ к некоторым статьям Базы знаний, можно добавить их в Избранное по нажатию на пиктограмму сердца в правом верхнем углу (доступно в режиме просмотра).']|0.33157164
Как восстановить удаленную статью?|['В этом случае при следующем посещении раздела вы увидите рядом с такой статьей пиктограмму с восклицательным знаком, а самой статье пометку, что есть несохраненные изменения:\nhttps://s3.amazonaws.com/cdn.freshdesk.com/data/helpdesk/attachments/production/73003641268/original/soDkAI-N6LRQgjv8cCy_QqdD4aiLCEnX-A.png?1646057737\nВажно: Если вы зайдете в базу знаний с другого устройства, вы не увидите последние несохраненные правки.']|0.33355856
Как добавить на должность сотрудника?|['Как добавить сотрудников \xa0в проект, назначить на должности, выдать нужные права и задать графики работы описано в статьях раздела по шагам:\n\n### Шаг 1.']|0.21919855
Как добавить на должность сотрудника?|['Если у вас есть доступ на добавление сотрудников, в правом верхнем углу вы увидите кнопку для добавления нового сотрудника.']|0.21975265
Как добавить на должность сотрудника?|['Назначить сотрудника на должность можно\nпо инструкции.']|0.23507541
Как добавить на должность сотрудника?|['Вы можете добавить сотрудника в канал из его профиля.']|0.23736474
